{
    "margarita":{
        "id":"Margarita",
        "ingredients":["cheese"],
        "size":{
            "small":{
                "cm":25,
                "price":5
            },
            "medium":{
                "cm":40,
                "price":7
            },
            "large":{
                "cm":60,
                "price":9
            }
        }
    },
    "hawaian":{
        "id":"Hawaian",
        "ingredients":["cheese, ham, pineapple"],
        "size":{
            "small":{
                "cm":25,
                "price":6
            },
            "medium":{
                "cm":40,
                "price":8
            },
            "large":{
                "cm":60,
                "price":10
            }
        }
    },
    "american":{
        "id":"American",
        "ingredients":["cheese", "sausages", "salami","ham", "bacon"],
        "size":{
            "small":{
                "cm":25,
                "price":7
            },
            "medium":{
                "cm":40,
                "price":9
            },
            "large":{
                "cm":60,
                "price":11
            }
        }
    }
}