{
  "coke": {
    "id": "Coke",
    "size": {
      "small": {
        "ml": 250,
        "price": 1
      },
      "medium": {
        "ml": 500,
        "price": 1.5
      },
      "large": {
        "ml": 750,
        "price": 2
      }
    }
  },
  "7up": {
    "id": "7up",
    "size": {
      "small": {
        "ml": 250,
        "price": 1
      },
      "medium": {
        "ml": 500,
        "price": 1.5
      },
      "large": {
        "ml": 750,
        "price": 2
      }
    }
  },
  "water": {
    "id": "Water",
    "size": {
      "small": {
        "ml": 330,
        "price": 1
      },
      "large": {
        "ml": 1000,
        "price": 1.8
      }
    }
  },
  "beer": {
    "id": "Beer",
    "size": {
      "large": {
        "ml": 500,
        "price": 1.5
      }
    }
  }
}
